nome,genero,presenca_plenario,ausencia_justificada_plenario,ausencia_plenario,presenca_comissao,ausencia_justificada_comissao,ausencia_comissao,data_nascimento,gasto_total_par,gasto_total_gab,salario_bruto,gasto_jan_par,gasto_fev_par,gasto_mar_par,gasto_abr_par,gasto_maio_par,gasto_junho_par,gasto_jul_par,gasto_agosto_par,gasto_set_par,gasto_out_par,gasto_nov_par,gasto_dez_par,gasto_jan_gab,gasto_fev_gab,gasto_mar_gab,gasto_abr_gab,gasto_maio_gab,gasto_junho_gab,gasto_jul_gab,gasto_agosto_gab,gasto_set_gab,gasto_out_gab,gasto_nov_gab,gasto_dez_gab
ADRIANA MIGUEL VENTURA,F,92,0,0,75,0,0,06/03/1969,"32.744,36",0%,"33.763,00","91,69","11.201,41","6,17","2.012,14","12.078,93","3.326,52","2.525,67","464,61","481,48","555,74",-,-,"46.239,34","47.876,22","45.155,54","50.501,69","47.484,47","47.810,20","53.606,39","43.951,57","36.862,01","38.831,64","0,00",-
BENEDITA SOUZA DA SILVA SAMPAIO,F,45,47,0,22,18,15,26/04/1942,"278.916,75",0.9074907055520087%,"33.763,00","27.548,63","36.708,62","32.332,80","42.904,22","38.159,47","28.769,87","17.965,43","15.365,95","9.555,15","28.558,54",-,-,"111.495,90","111.448,24","111.228,98","111.228,98","111.228,98","111.354,55","111.647,54","111.647,54","111.647,54","111.647,54","1.048,07",-
ALINE SLEUTJES,F,81,11,0,25,7,5,26/07/1979,"266.844,87",0.3716235891090571%,"33.763,00","18.718,10","42.340,70","44.589,79","62.024,69","28.504,61","25.909,67","20.829,47","10.742,51","4.466,72","8.102,19",-,-,"108.562,89","107.823,39","108.054,31","104.407,00","102.862,93","105.903,30","107.141,12","104.241,48","105.514,93","93.070,21","616,42",-
ALESSANDRA SILVA RIBEIRO,F,82,6,4,54,10,10,04/07/1974,"256.412,00",0%,"33.763,00","21.847,22","26.068,76","54.557,47","39.369,73","38.257,92","21.249,25","15.093,79","19.228,94","15.225,62","5.513,30",-,-,"73.391,76","71.163,83","70.424,23","75.507,41","71.271,43","78.795,10","74.373,30","79.377,41","79.377,41","83.691,96","0,00",-
ALINE PARANHOS VARONIL GURGEL,F,78,11,3,16,7,27,25/11/1980,"425.828,00",0%,"33.763,00","42.916,79","55.902,66","41.953,93","74.755,05","40.253,23","10.460,16","40.552,36","44.238,07","50.064,19","24.731,56",-,-,"111.429,18","111.160,99","111.429,20","111.429,20","111.429,20","111.429,20","111.429,20","111.429,20","109.688,29","108.621,49","0,00",-
ÁUREA CAROLINA DE FREITAS E SILVA,F,75,17,0,22,5,5,20/11/1983,"297.751,16",0%,"33.763,00","15.477,79","17.211,99","32.300,99","47.628,80","50.919,99","36.660,42","25.545,07","22.852,05","27.143,68","22.010,38",-,-,"110.482,87","110.320,03","111.502,08","111.502,08","111.502,08","111.499,25","111.417,08","111.417,08","111.417,08","105.478,47","0,00",-
ANGELA REGINA HEINZEN AMIN HELOU,F,88,4,0,61,1,0,20/12/1953,"335.539,85",0.11723267991294993%,"33.763,00","32.420,59","44.149,40","54.673,99","45.917,82","50.177,80","36.925,47","34.965,84","19.369,26","7.069,38","9.738,31",-,-,"108.469,01","109.010,60","110.962,23","109.111,95","109.111,95","108.914,61","107.061,71","107.061,71","107.061,71","110.877,26","131,99",-
ALICE MAZZUCO PORTUGAL,F,91,0,1,70,0,28,16/05/1959,"380.746,29",0.0844555254016234%,"33.763,00","64.843,86","35.974,10","45.630,28","44.643,22","30.967,04","33.926,95","26.133,78","37.427,88","27.482,05","33.668,90",-,-,"109.364,13","110.762,68","110.837,35","110.137,04","110.137,04","110.137,04","110.137,04","110.131,96","111.046,92","111.046,92","48,23",-
BEATRIZ KICIS TORRENTS DE SORDI,F,89,3,0,56,3,4,19/09/1961,"217.096,60",0.9198415542674443%,"33.763,00","25.190,49","25.724,28","26.105,29","29.874,33","27.799,70","15.473,15","16.116,39","14.243,78","13.146,49","22.163,74",-,-,"111.271,47","111.271,47","111.271,47","111.271,47","111.271,47","111.538,39","111.538,39","111.538,39","111.538,39","111.538,39","1.258,96",-
BRUNA DIAS FURLAN VICENTE,F,39,0,4,0,0,0,28/04/1983,"77.114,78",0.7806524503422212%,"33.763,00","12.812,15","15.234,17","17.325,26",-,"17.939,40",-,-,"283,61","5.769,80","6.302,20",-,-,"102.008,81","103.337,22","104.665,63","89.553,78","85.126,66","105.191,41","111.416,96","104.020,17","87.826,95","93.579,66","1.448,19",-
CARLA ZAMBELLI SALGADO DE OLIVEIRA,F,79,12,1,10,5,12,03/07/1980,"275.642,88",0.7371753897902744%,"33.763,00","35.310,53","32.694,44","28.196,83","51.011,16","21.729,23","22.816,95","21.987,75","14.571,57","14.918,40","31.400,35",-,-,"111.549,61","111.299,27","110.215,67","108.206,27","105.302,52","105.657,79","108.726,99","111.400,84","111.665,78","111.665,78","1.005,67",-
HILKEA CARLA DE SOUZA MEDEIROS LIMA,F,91,0,1,62,0,5,02/07/1976,"321.096,04",0.33545606084529084%,"33.763,00","24.586,19","44.761,07","52.267,87","38.231,83","31.382,92","32.701,13","15.878,04","19.847,11","20.700,30","40.204,82",-,-,"111.271,39","111.271,39","111.271,39","111.271,39","111.271,39","110.132,42","111.538,26","111.238,30","111.538,26","111.538,26","534,76",-
CARMEN EMÍLIA BONFÁ ZANOTTO,F,92,0,0,62,0,15,06/10/1962,"239.101,91",0%,"33.763,00","15.385,24","28.801,18","31.514,98","35.066,26","30.373,86","31.040,14","26.674,03","14.544,84","11.565,37","14.136,01",-,-,"101.754,20","102.247,05","101.219,81","102.930,96","102.930,96","101.603,76","86.458,75","91.918,18","92.236,93","97.802,61","0,00",-
CAROLINE RODRIGUES DE TONI,F,91,0,1,45,1,11,01/09/1986,"108.667,23",0.6264811842939225%,"33.763,00","1.577,63","10.066,51","14.101,09","24.174,38","11.285,98","15.473,46","14.468,42","7.103,83","3.096,89","5.223,46",-,-,"84.266,39","86.627,52","88.148,33","96.367,63","92.593,08","96.367,63","93.146,11","92.800,95","92.800,95","87.409,42","2.095,58",-
CHRISTINE NOGUEIRA DOS REIS TONIETTO,F,88,2,2,59,4,6,14/05/1991,"133.178,31",0.13920148059791201%,"33.763,00","11.369,60","10.173,11","9.970,30","12.050,51","13.872,46","19.466,91","25.628,43","11.169,95","3.255,31","15.855,62",-,-,"69.040,75","69.101,84","69.101,84","76.266,55","71.632,90","85.504,27","88.597,50","88.597,50","88.597,50","82.910,48","366,11",-
CELINA LEAO HIZIM FERREIRA,F,71,2,19,18,1,23,02/03/1977,"101.582,40",0%,"33.763,00","1.190,04","11.101,64","13.853,72","17.835,36","18.215,77","15.949,33","14.392,13","6.642,14","2.402,27","0,00",-,-,"110.531,62","110.840,11","110.489,74","110.401,05","109.406,57","109.266,63","109.432,72","110.798,51","110.798,51","110.798,51","0,00",-
CHRISTIANE DE SOUZA YARED,F,83,9,0,27,6,5,23/02/1960,"330.359,44",0.8946803741724237%,"33.763,00","23.957,30","44.324,43","35.762,57","41.149,82","54.189,41","32.246,76","23.122,06","18.987,00","15.446,67","40.295,66",-,-,"108.772,44","108.772,44","108.772,44","108.366,22","108.772,44","104.176,55","111.586,94","111.586,94","111.586,94","108.683,92","877,76",-
CLARISSA BARROS ASSED MATHEUS DE OLIVEIRA,F,86,0,6,37,0,14,02/07/1982,"297.350,01",0.11819028073675199%,"33.763,00","7.971,69","16.907,30","54.747,61","57.969,92","49.861,80","53.352,84","20.869,99","15.804,77","9.631,78","10.118,65",-,-,"110.918,38","110.319,03","110.945,19","111.532,21","111.532,21","111.532,21","111.532,21","111.532,21","111.532,21","111.532,21","113,66",-
DANIELA MOTE DE SOUZA CARNEIRO,F,80,10,2,42,9,9,10/02/1976,"309.318,38",0.03126056813584596%,"33.763,00","35.968,58","36.604,61","48.540,64","50.236,04","61.049,56","27.308,97","20.808,56","13.155,35","11.253,04","4.366,75",-,-,"111.004,43","110.578,75","110.970,40","111.234,95","111.234,95","111.234,95","111.234,95","110.155,05","109.870,15","100.152,27","26,28",-
VANDA DENIR MILANI NOGUEIRA,F,72,13,7,31,11,22,17/09/1953,"395.931,24",0%,"33.763,00","45.066,55","49.027,62","29.462,19","71.009,98","36.127,46","22.618,07","41.106,51","44.816,37","25.900,00","30.796,49",-,-,"109.028,91","110.980,61","111.507,90","111.544,28","109.468,16","110.383,90","111.280,73","111.580,69","111.580,69","106.487,76","0,00",-
SORAYA DE SOUZA MANNATO,F,92,0,0,111,0,64,10/03/1961,"279.649,17",0%,"33.763,00","31.353,75","37.397,79","57.239,48","43.635,09","36.607,77","15.176,75","23.098,74","18.128,98","8.706,64","8.304,18",-,-,"111.501,77","111.501,77","110.559,03","110.920,06","110.173,36","110.221,10","107.709,88","107.907,12","109.518,27","110.809,89","0,00",-
DULCE FERREIRA PAGANI MIRANDA,F,84,8,0,78,11,8,15/12/1963,"385.152,20",0.27676009614996716%,"33.763,00","17.405,28","54.422,42","66.007,20","48.597,93","43.629,27","16.964,63","42.936,18","44.081,35","12.900,31","38.029,26",-,-,"111.515,73","108.469,11","109.947,21","110.497,62","108.778,45","110.780,17","110.780,17","110.780,17","110.297,33","110.780,17","178,37",-
EDNACE ALVES SILVESTRE HENRIQUE,F,52,9,1,13,7,6,04/09/1958,"245.404,75",0.3218109167777381%,"33.763,00",-,-,-,"41.564,86","21.722,42","44.584,53","40.428,22","32.338,39","34.109,42","30.426,91",-,-,"110.222,29","107.865,76","109.797,12","111.512,59","111.663,63","111.590,85","111.590,85","111.590,85","111.590,85","111.590,85","230,00",-
ROSANA DE OLIVEIRA VALLE,F,87,3,2,44,2,2,08/05/1969,"337.897,50",0.30367374693701266%,"33.763,00","21.183,33","29.131,46","53.484,17","41.134,85","52.840,25","34.551,95","41.195,46","30.158,94","20.867,06","13.125,31",-,-,"107.098,26","107.098,26","107.098,26","100.284,96","107.098,26","91.133,79","106.579,32","107.632,04","109.901,08","106.206,39","224,72",-
ROSANGELA DE SOUZA GOMES,F,77,15,0,2,0,0,27/12/1966,"326.569,14",0.2824884061956645%,"33.763,00","35.619,36","53.038,08","41.099,12","40.356,20","30.910,68","24.832,33","27.594,88","28.932,93","13.329,32","30.667,03",-,-,"111.495,87","111.495,87","111.495,87","111.495,87","111.495,87","111.495,87","111.495,87","111.495,87","111.495,87","111.495,87","189,21",-
SHÉRIDAN ESTÉRFANY OLIVEIRA RAMOS,F,53,35,4,0,0,3,11/04/1984,"403.635,64",3.570931482041396%,"33.763,00","47.717,67","50.310,81","47.454,50","41.030,40","20.489,75","35.713,64","41.489,54","36.464,07","37.465,47","41.866,90",-,-,"104.351,76","98.699,47","100.259,52","99.170,39","100.363,57","111.192,45","104.911,24","108.772,24","109.791,30","108.036,70","3.632,89",-
ROSIANE MODESTO  DE OLIVEIRA,F,77,9,6,0,0,4,20/02/1978,"201.387,81",1.3982839881492541%,"33.763,00","16.532,25","28.174,06","22.572,80","28.108,83","28.359,47","26.531,02","14.867,91","6.958,44","8.464,46","17.350,10",-,-,"109.718,66","110.767,63","111.653,67","109.880,49","111.653,67","109.891,34","111.617,27","97.483,92","90.265,59","93.489,86","3.468,47",-
SAMIA DE SOUZA BOMFIM,F,78,14,0,32,0,3,22/08/1989,"320.776,66",4.41003781938183%,"33.763,00","29.863,31","33.173,07","52.100,08","49.527,82","33.373,57","25.800,86","31.637,36","25.034,27","10.727,26","25.539,06",-,-,"101.425,05","108.439,14","108.239,71","110.257,66","106.353,47","110.871,10","110.871,10","110.871,10","110.871,10","110.871,10","4.000,00",-
RENATA HELLMEISTER DE ABREU,F,48,14,0,5,10,18,15/04/1982,"208.238,76",3.1624240468655147%,"33.763,00","31.109,86","32.113,25","42.089,94","42.896,72","31.671,65","3.728,86",-,-,-,"22.911,39",-,-,"96.622,36","104.075,25","110.440,45","108.188,68","106.841,60","109.718,62","106.018,07","110.109,96","110.476,84","110.575,46","1.717,09",-
SILVIA CRISTINA AMANCIO CHAGAS,F,89,2,1,55,5,31,15/01/1974,"325.913,39",1.6790006432904458%,"33.763,00","38.497,24","41.381,49","41.593,07","77.841,57","52.095,78","30.489,93","21.356,30","8.189,34","4.412,39","7.253,38",-,-,"111.374,48","110.870,15","110.767,11","111.247,85","111.370,23","111.259,60","111.526,12","111.514,99","111.410,91","111.315,81","2.802,90",-
SORAYA ALENCAR DOS SANTOS,F,90,2,0,29,0,16,04/12/1958,"247.439,60",0.1421390974735519%,"33.763,00","30.377,64","25.882,69","44.839,17","18.501,89","32.605,66","34.461,17","25.720,88","19.262,46","5.904,46","9.654,69",-,-,"109.912,12","110.159,23","104.418,43","108.917,92","104.366,11","108.917,92","109.011,86","110.852,93","110.852,93","110.852,93","228,89",-
TABATA CLAUDIA AMARAL DE PONTES,F,88,1,3,137,0,9,14/11/1993,"284.592,20",0.013764983370411982%,"33.763,00","38.950,69","27.888,06","35.331,21","49.942,23","32.068,77","49.334,59","25.146,00","5.016,41","3.076,08","17.821,14",-,-,"90.049,89","91.799,32","91.532,51","102.729,84","93.743,68","100.032,77","52.077,47","38.232,71","30.268,49","54.265,68","17,02",-
TALIRIA PETRONE SOARES,F,76,14,2,27,19,32,09/04/1985,"273.733,18",0.46673798861321975%,"33.763,00","35.801,22","32.189,96","31.865,89","29.413,08","45.403,28","37.323,98","24.098,94","23.355,39","10.439,80","3.279,24",-,-,"111.647,51","111.647,51","111.647,51","111.584,31","111.555,29","111.647,53","111.647,53","110.216,76","111.417,00","111.276,31","562,40",-
TEREZA NELMA DA SILVA PORTO VIANA SOARES,F,79,13,0,103,49,36,07/10/1957,"366.423,07",4.679154941480419%,"33.763,00","42.581,54","41.297,61","47.878,77","56.885,66","54.271,73","33.460,03","30.126,11","27.479,91","24.726,16","3.330,45",-,-,"111.471,49","109.973,66","109.423,19","109.422,19","109.733,42","104.705,24","109.483,86","110.785,88","110.860,47","110.833,78","4.385,10",-
TEREZA CRISTINA CORREA DA COSTA DIAS,F,63,2,4,59,1,6,06/07/1954,"152.145,45",2.5404459303546973%,"33.763,00",-,-,"0,04","17.413,02","21.629,55","24.574,99","29.064,98","17.058,41","14.118,74","23.763,02",-,-,"0,00","0,00","1.279,50","104.538,87","71.166,60","108.750,39","111.222,82","102.614,06","93.234,05","89.798,37","4.522,70",-
VIVIANE DA COSTA REIS,F,81,11,0,79,18,21,05/08/1991,"364.896,71",0.2883976337559274%,"33.763,00","50.505,11","33.624,12","47.121,22","38.398,45","42.779,32","36.910,98","40.803,83","27.107,07","21.698,14","25.660,38",-,-,"111.413,83","111.501,88","108.988,28","110.684,14","109.564,43","111.041,26","111.423,00","111.423,00","111.423,00","111.423,00","288,09",-
LUIZA ERUNDINA DE SOUSA,F,78,14,0,37,9,14,30/11/1934,"222.485,05",0.12376787745005699%,"33.763,00","17.316,28","17.369,22","13.312,38","49.196,58","23.549,05","41.316,33","41.450,36","18.601,72","126,15","0,00",-,-,"106.370,19","98.801,78","96.737,67","96.737,67","96.737,67","96.737,67","96.737,67","96.737,67","96.737,67","102.137,42","246,98",-
LUIZIANNE DE OLIVEIRA LINS,F,82,7,3,5,6,10,18/11/1968,"394.598,68",0%,"33.763,00","43.009,21","49.188,28","62.832,39","50.556,05","40.398,85","27.655,84","25.583,94","56.182,22","8.648,41","30.543,49",-,-,"111.647,55","111.647,55","111.647,55","111.647,55","111.647,55","111.647,55","111.532,28","111.532,28","111.532,28","111.532,28","0,00",-
MAGDA MOFATTO HON,F,77,3,12,28,6,36,26/10/1948,"247.802,06",0%,"33.763,00","41.429,43","31.068,63","47.136,54","46.414,73","47.632,39","19.428,88","6.001,17","8.505,69","115,33","69,27",-,-,"103.642,03","111.061,35","110.458,33","110.160,73","109.242,74","111.392,46","111.429,23","111.429,23","100.201,81","100.742,41","0,00",-
FABIANA SILVA DE SOUZA,F,76,11,5,22,4,0,09/01/1980,"246.957,42",0.19090138660512265%,"33.763,00","19.669,14","45.316,31","52.715,53","32.781,41","30.152,26","27.385,49","25.479,97","6.199,02","5.005,38","1.966,38",-,-,"111.544,24","111.438,52","111.398,27","111.119,65","111.315,37","111.039,60","111.350,20","111.350,20","111.554,84","111.344,35","286,53",-
MARIA DO ROSÁRIO NUNES,F,77,6,9,48,12,22,22/11/1966,"390.276,93",3.396692362788422%,"33.763,00","45.949,20","43.740,41","69.986,28","42.746,98","49.177,17","41.192,91","36.138,61","26.246,21","12.312,33","20.699,73",-,-,"108.772,35","108.772,35","108.876,06","106.150,54","111.047,03","107.898,86","108.449,48","109.367,19","110.743,74","110.743,74","2.087,10",-
CYLMARA FERNANDES DA ROCHA GRIPP,F,77,14,1,30,6,16,04/09/1973,"431.336,20",0%,"33.763,00","56.886,05","57.867,30","54.199,26","46.657,40","62.724,01","33.841,62","21.007,85","23.443,28","30.345,94","44.363,49",-,-,"110.779,96","110.779,96","110.779,96","110.779,96","110.779,96","109.894,35","110.779,96","110.983,86","111.574,61","111.492,81","0,00",-
MARGARETE DE CASTRO COELHO,F,81,10,1,58,9,18,12/03/1961,"379.382,14",1.4007141688886564%,"33.763,00","45.113,84","50.976,40","52.735,60","28.872,48","50.764,85","40.798,70","35.963,33","15.107,77","13.877,11","44.057,01",-,-,"110.943,91","108.857,07","110.120,74","107.482,10","99.024,19","108.590,38","108.590,38","108.590,38","108.590,38","108.590,38","1.115,05",-
MARIA DO PARTO MENDES ROSAS,F,62,0,0,41,0,2,01/10/1965,"187.328,36",0.21518662382731357%,"33.763,00",-,-,-,"31.183,42","18.825,99","39.925,50","29.239,92","24.673,76","27.178,62","16.101,15",-,-,"106.936,54","107.061,76","110.238,71","111.538,37","111.538,37","109.915,15","107.599,10","111.210,42","111.538,37","111.538,37","200,00",-
NATÁLIA BASTOS BONAVIDES,F,86,6,0,16,4,15,15/06/1988,"339.385,80",0.055836399044845726%,"33.763,00","31.946,09","31.413,95","72.688,49","61.905,75","54.961,85","41.735,22","31.051,52","7.935,30","2.706,85","2.967,78",-,-,"106.600,62","90.902,30","96.132,21","98.979,97","102.664,33","99.242,75","104.019,87","107.795,14","111.410,75","111.213,52","73,00",-
MARINA SANTOS BATISTA DIAS,F,90,2,0,6,1,12,13/09/1980,"357.095,02",0.5992014541414943%,"33.763,00","23.811,47","41.587,12","38.764,57","35.827,39","41.760,61","43.099,71","38.934,07","25.951,64","26.865,00","39.929,24",-,-,"111.495,88","111.495,88","111.311,17","111.185,14","111.495,87","111.495,87","111.495,88","111.495,88","111.495,88","111.495,88","564,20",-
MARIANA FONSECA RIBEIRO CARVALHO DE MORAES,F,53,4,4,14,4,6,26/11/1986,"203.702,64",0.30974978628667715%,"33.763,00","20.869,22","24.814,35","47.199,17","61.996,18","40.425,87","1.826,39",-,-,-,"6.249,12",-,-,"110.447,75","111.310,98","111.014,24","111.416,94","111.416,94","110.963,22","109.667,84","104.478,85","105.163,12","101.764,09","322,34",-
MARÍLIA VALENÇA ROCHA ARRAES DE ALENCAR,F,64,21,7,3,5,5,12/04/1984,"279.644,77",0.17745854420236862%,"33.763,00","13.902,07","25.170,41","93.784,61","54.406,01","29.683,86","14.216,62","21.165,20","10.306,43","9.508,71","7.182,99",-,-,"108.653,71","111.429,12","111.429,12","107.972,58","109.087,10","111.617,16","110.853,68","111.354,04","98.888,69","87.984,76","317,86",-
NORMA AYUB ALVES,F,77,14,1,20,8,5,07/09/1959,"282.558,92",2.2074584485761597%,"33.763,00","19.354,87","22.480,29","25.213,93","34.648,47","34.202,81","33.963,01","31.584,22","23.186,05","21.829,52","33.181,50",-,-,"109.263,62","109.263,62","109.371,25","108.282,54","108.682,13","109.497,38","106.962,54","107.480,28","107.282,54","110.694,20","2.914,25",-
PATRICIA LIMA FERRAZ,F,10,0,0,0,0,0,09/01/1980,"61.259,97",2.473831307511799%,"33.763,00",-,-,-,-,-,-,-,-,"7.370,23","52.876,43",-,-,"0,00","0,00","0,00","0,00","0,00","0,00","0,00","0,00","0,00","0,00","1.013,31",-
PAULA MORENO PARO BELMONTE,F,87,2,3,62,6,27,23/06/1973,"0,00",0%,"33.763,00","0,00","0,00","0,00","0,00","0,00","0,00","0,00","0,00","0,00","0,00",-,-,"105.453,30","105.634,73","105.767,33","109.556,14","110.422,17","107.546,98","94.842,01","90.556,61","98.626,57","107.354,42","0,00",-
MARIA PERPÉTUA DE ALMEIDA,F,86,4,2,56,8,27,28/12/1964,"397.294,72",0.516386699550234%,"33.763,00","40.876,75","38.531,07","65.864,03","53.571,92","66.620,97","37.080,29","43.254,26","14.245,86","16.783,06","19.979,66",-,-,"111.465,58","106.860,33","104.769,12","111.544,45","111.544,45","111.544,45","111.499,84","111.405,91","111.429,19","111.429,19","486,85",-
KATIA DA SILVA SASTRE,F,91,0,1,38,0,19,04/04/1976,"373.876,63",0.21696532753344216%,"33.763,00","34.893,09","34.694,24","64.166,28","36.339,70","35.385,20","38.923,80","34.961,86","43.018,05","29.335,74","22.064,62",-,-,"107.322,54","104.138,84","105.140,20","105.351,11","105.895,02","96.070,39","98.655,82","111.265,29","111.265,29","110.985,86","94,05",-
MARIA AUXILIADORA SEABRA REZENDE,F,71,0,3,69,3,41,01/10/1964,"244.204,17",0%,"33.763,00","20.187,34","51.058,21","42.305,79","47.722,61","52.041,49","22.610,88","8.277,85",-,-,-,-,-,"97.131,95","97.131,95","102.063,65","97.310,99","104.981,11","99.796,88","102.973,35","109.375,33","111.544,35","111.545,52","0,00",-
ROSA NEIDE SANDES DE ALMEIDA,F,88,3,1,40,4,5,08/08/1963,"360.348,67",21.869579317495234%,"33.763,00","35.689,04","50.953,17","65.702,41","42.534,13","36.747,44","32.039,17","23.335,58","18.867,29","10.899,48","23.046,77",-,-,"111.574,65","110.892,89","108.386,56","110.196,13","109.037,91","109.389,74","109.971,90","109.688,57","109.645,72","111.202,48","20.534,19",-
DAYANE JAMILLE CARNEIRO DOS SANTOS PIMENTEL,F,67,17,8,24,13,16,30/01/1986,"221.802,92",0.10737286586426345%,"33.763,00","24.757,35","14.536,29","33.354,13","38.636,18","32.630,75","25.835,19","21.096,42","20.196,27","4.322,45","6.205,76",-,-,"103.819,39","108.270,50","109.719,50","110.134,52","110.069,34","109.472,23","110.404,13","110.404,13","110.398,05","108.576,72","232,13",-
MARCIVANIA DO SOCORRO DA ROCHA FLEXA,F,91,0,1,34,0,7,21/06/1973,"372.618,22",5.425364392338843%,"33.763,00","73.518,31","24.414,79","47.486,37","28.947,17","49.562,35","39.390,78","27.825,99","17.636,42","7.350,58","50.485,46",-,-,"111.465,49","111.400,50","110.738,38","111.439,63","111.378,13","111.111,26","111.351,62","111.476,44","111.465,50","111.483,67","6.000,00",-
REJANE RIBEIRO SOUSA DIAS,F,90,0,2,65,0,33,04/09/1972,"241.602,52",0.2583005497368408%,"33.763,00","16.913,54","23.065,31","34.072,61","35.393,20","41.316,06","27.658,11","30.276,40","10.634,60","10.120,33","11.597,34",-,-,"94.123,29","94.123,29","94.123,29","103.386,00","96.640,01","97.900,48","110.730,33","111.077,25","111.077,25","109.208,19","555,02",-
ELCIONE THEREZINHA ZAHLUTH BARBALHO,F,74,8,10,11,3,15,05/10/1944,"324.749,25",1.942703101993164%,"33.763,00","18.282,77","21.903,47","42.172,90","50.424,42","54.698,46","44.680,57","25.428,51","30.182,96","15.955,03","18.147,74",-,-,"109.942,97","108.266,63","106.606,75","110.173,43","106.963,42","110.012,89","110.173,43","111.342,81","111.617,17","105.768,72","2.872,42",-
ÉRIKA JUCÁ KOKAY,F,90,1,1,132,1,16,15/08/1957,"219.455,01",0.2092738218470587%,"33.763,00","21.175,36","26.961,36","57.030,55","69.810,79","8.623,76","1.267,02","375,92","393,19","354,58","33.212,46",-,-,"106.905,18","108.909,18","111.417,57","111.623,02","111.495,83","111.495,84","110.449,20","109.666,70","111.532,23","111.473,53","250,02",-
Geovânia de Sá,F,91,1,0,15,0,0,30/03/1972,"307.449,27",8.38496323215712%,"33.763,00","24.548,31","31.895,95","46.155,40","38.575,18","48.301,66","41.038,25","24.556,46","10.926,74","3.937,68","25.505,13",-,-,"111.111,81","111.610,95","111.659,69","110.768,99","111.659,69","110.692,78","103.468,98","111.168,24","111.168,24","106.547,85","12.008,51",-
FLÁVIA CAROLINA PÉRES,F,60,5,4,0,1,3,21/01/1980,"97.678,83",0%,"33.763,00",-,-,"0,00","10.563,71","6.864,73","18.634,34","15.284,18","16.185,53","14.441,81","15.704,53",-,-,"0,00","0,00","1.906,24","79.195,45","70.338,95","81.408,68","85.648,32","88.827,97","88.827,97","88.827,97","0,00",-
GLEISI HELENA HOFFMANN,F,66,26,0,3,1,4,06/09/1965,"356.166,15",0.44797512315480476%,"33.763,00","48.759,04","47.652,40","59.416,08","43.129,42","55.375,62","20.852,42","26.211,68","23.293,93","17.899,82","13.254,54",-,-,"111.526,42","111.526,42","111.526,42","111.526,42","111.526,42","111.526,42","111.526,42","111.526,42","111.526,42","111.526,42","321,20",-
FLÁVIA CARREIRO ALBUQUERQUE MORAIS,F,86,6,0,123,4,0,26/04/1969,"292.573,53",0.08010586984249006%,"33.763,00","31.961,04","33.702,59","35.431,93","33.829,17","33.636,11","29.972,17","26.739,93","26.234,48","22.945,49","18.042,05",-,-,"110.555,68","110.555,68","110.555,68","111.091,22","110.555,68","110.994,42","111.182,00","111.580,78","111.580,78","111.580,78","78,57",-
FERNANDA MELCHIONNA E SILVA,F,88,1,3,54,0,9,02/02/1984,"300.960,05",3.1624218101308075%,"33.763,00","20.500,17","21.194,89","56.736,14","70.363,57","41.442,21","28.035,03","34.736,50","7.126,13","2.302,50","13.667,64",-,-,"108.969,03","110.770,20","111.295,57","111.471,67","111.471,67","111.005,21","108.790,95","108.173,01","107.268,84","100.470,41","4.855,27",-
GREYCE DE QUEIROZ ELIAS,F,77,12,3,28,4,18,15/12/1981,"174.934,58",0.18963360661996811%,"33.763,00","14.671,44","21.074,80","21.705,97","45.590,67","35.221,54","15.599,72","12.425,68","2.786,62","2.040,22","3.377,12",-,-,"101.294,97","95.517,25","104.632,97","107.931,21","104.398,53","110.975,70","110.129,51","110.600,89","111.580,83","111.573,39","440,80",-
JANDIRA FEGHALI,F,91,0,1,41,0,28,17/05/1957,"302.788,13",0.9326848109429184%,"33.763,00","16.677,60","41.606,05","42.043,96","33.766,08","41.561,42","35.266,15","30.544,63","18.967,72","23.146,67","18.355,15",-,-,"111.186,43","110.346,75","110.883,15","110.883,15","110.883,15","110.883,15","106.843,71","109.640,24","105.683,13","103.792,22","852,70",-
IRACEMA MARIA PORTELLA NUNES NOGUEIRA LIMA,F,35,0,4,0,0,0,23/04/1966,"160.103,58",0.041285254510763106%,"33.763,00","33.126,14","37.905,45","54.717,25",-,"-799,73",-,-,"17.561,17","8.098,80","9.441,57",-,-,"111.653,55","110.382,33","111.176,32","111.235,02","111.235,02","111.235,02","111.235,02","111.235,02","111.304,78","111.653,55","52,93",-
JOICE CRISTINA HASSELMANN,F,87,5,0,57,3,3,29/01/1978,"301.731,55",0%,"33.763,00","25.636,10","21.173,13","72.944,98","44.859,38","50.332,77","25.702,26","16.939,86","18.265,67","20.711,16","5.166,24",-,-,"99.430,88","106.641,61","98.487,95","108.786,73","101.062,57","110.597,86","108.539,98","102.509,19","97.950,82","97.950,82","0,00",-
DIRLAINE JAQUELINE CASSOL,F,81,8,3,47,8,15,03/12/1974,"301.704,59",0.6097374804529332%,"33.763,00","38.881,19","35.836,11","33.841,17","71.115,17","57.249,08","20.997,72","21.444,70","11.534,22","2.240,92","7.424,00",-,-,"111.665,59","111.362,29","107.986,55","111.208,12","110.884,32","110.180,25","108.177,15","110.472,02","111.321,85","108.397,68","1.140,31",-
LAURIETE RODRIGUES DE JESUS,F,89,3,0,48,2,2,23/02/1970,"274.661,02",3.685112583223362%,"33.763,00","28.596,39","36.787,02","28.706,65","49.288,05","38.112,66","30.104,05","18.543,11","15.764,41","15.009,24","7.961,74",-,-,"104.287,85","105.889,29","107.644,06","107.976,91","107.644,06","100.506,22","110.346,11","111.471,61","111.471,61","111.471,61","5.787,70",-
JOENIA BATISTA DE CARVALHO,F,83,9,0,98,12,15,20/04/1973,"407.075,81",0.38854170692285134%,"33.763,00","36.130,43","59.868,30","85.352,21","35.824,32","48.106,28","43.428,93","39.248,21","28.261,77","13.771,27","16.656,80",-,-,"91.545,36","93.767,62","92.129,06","79.164,66","80.310,66","97.275,18","102.548,82","99.850,50","95.697,66","96.608,80","427,29",-
LEANDRE DAL PONTE,F,80,10,2,31,4,23,20/12/1975,"363.544,56",2.3519218082319013%,"33.763,00","30.663,14","49.384,33","39.707,22","55.109,67","42.738,34","32.174,71","34.082,73","28.823,07","17.999,54","31.319,22",-,-,"108.159,67","108.159,67","109.633,48","109.791,39","109.791,39","110.801,97","109.549,18","111.428,41","111.307,87","111.307,87","1.542,59",-
JESSICA ROJAS SALES,F,42,45,5,0,16,2,28/11/1980,"372.946,86",0%,"33.763,00","36.557,22","42.553,73","47.072,55","58.428,19","56.770,07","3.133,62","11.486,12","8.024,13","2.921,23","106.000,00",-,-,"111.568,56","111.568,56","111.568,56","111.568,56","111.568,56","111.568,56","111.568,56","111.571,11","111.647,46","111.647,46","0,00",-
LEDA MARIA SADALA BRITO,F,72,18,2,24,8,15,11/06/1966,"358.256,91",0.2894036246923199%,"33.763,00","32.892,40","30.026,99","54.798,85","51.266,85","53.049,21","41.748,71","31.911,86","37.292,55","15.145,93","9.778,56",-,-,"111.429,13","111.306,30","109.662,60","110.017,93","107.931,96","110.446,45","110.633,94","109.994,10","111.659,63","108.861,12","345,00",-
LIZIANE BAYER DA COSTA,F,92,0,0,54,1,18,24/01/1981,"432.416,41",47.34682070142509%,"33.763,00","24.410,68","44.680,51","52.608,27","60.599,67","52.869,92","33.727,59","34.144,01","32.890,25","31.283,06","49.719,23",-,-,"109.492,14","104.592,92","102.932,25","104.044,41","102.694,30","103.593,63","105.180,10","107.815,81","109.597,20","109.597,20","15.483,22",-
LÍDICE DA MATA E SOUZA,F,89,3,0,56,4,0,12/03/1956,"312.474,98",1.0138919004400215%,"33.763,00","24.968,53","36.055,08","41.685,69","64.741,89","36.945,93","25.591,94","29.647,64","17.038,04","9.156,67","25.337,58",-,-,"105.717,75","109.880,24","107.918,25","111.089,52","107.472,66","111.089,52","111.089,52","111.089,52","111.089,52","111.089,52","1.305,99",-
LUISA CANZIANI DOS SANTOS SILVEIRA,F,82,0,10,18,0,48,11/04/1996,"286.024,63",0.0050731502466290854%,"33.763,00","27.680,49","45.240,66","36.807,66","40.742,27","34.716,65","35.801,06","23.760,78","18.969,09","8.973,68","13.325,09",-,-,"111.489,76","107.944,29","101.185,89","110.764,80","106.123,31","108.871,95","100.476,78","99.154,41","109.664,15","110.012,04","7,20",-
